Variant	Selection_Freq	Mean_Coefficient
chr19:48358568:C:T	10	-0.726738273819813
chr1:174226749:C:T	10	-0.723287374199413
chr17:5643304:C:T	10	0.687907792069727
chr5:71705311:A:G	10	0.635684463881971
chr19:48404186:G:A	10	-0.570844166129016
chr17:39921437:G:A	10	0.510965143666129
chr5:41052050:G:A	10	-0.472205198514957
chr11:94256744:A:G	10	0.437645778292307
chr1:159104965:C:T	10	0.420671906214269
chr7:24727365:G:A	10	0.395966101158523
chr7:25035194:G:A	10	0.375884414007149
chr7:24792341:T:C	10	0.338540222529762
chr2:201240653:C:T	10	0.333474807356833
chr14:23845360:G:A	10	-0.327853130121151
chr17:39671417:G:A	10	0.302478594337787
chr8:143586674:C:T	10	0.296425690341206
chr2:201348159:G:A	10	0.286197759401085
chr7:24773063:G:A	10	0.263329620781211
chr12:121774364:T:C	10	-0.248682179358601
chr11:94212464:T:G	10	-0.24158914597662
chr11:112891966:C:T	10	-0.241079647808744
chr1:247449133:A:T	10	0.223225991227853
chr8:143477879:T:C	10	-0.223063038561696
chr8:143473146:G:A	10	0.220052144639194
chr4:184447120:A:C	10	0.207952933284853
chr19:48237101:A:G	10	0.207046455244357
chr17:40015939:G:A	10	0.17565406538658
chr2:200999927:G:A	10	-0.16838115883651
chr19:47695539:C:G	10	0.168333759242611
chr2:32128936:G:A	10	0.157881377246698
chr2:101254400:G:A	10	-0.15694222692071
chr14:102816682:G:A	10	-0.156800060905181
chr2:31608492:T:C	10	0.154445435810699
chr7:24868839:A:G	10	0.15198821772091
chr5:71675422:C:T	10	-0.150543294756009
chr11:105000218:C:T	10	-0.13255430474749
chr1:246551576:G:C	10	-0.130294379190676
chr4:184667349:C:T	10	0.124696172276845
chr14:102812915:T:C	10	0.119392828774979
chr17:40007882:C:T	10	-0.11652826982983
chr7:24775954:C:A	10	-0.108210465205812
chr17:39620391:A:T	10	-0.1025660897897
chr4:184333995:A:G	10	-0.0954891871420695
chr5:39801644:A:G	10	-0.0946985632360794
chr11:333347:A:G	10	0.0781123633336229
chr2:201671163:AGTTT:A	10	0.0595297311238767
chr8:143172434:C:G	9	-0.44227457557545
chr19:53810453:G:C	9	-0.342729205146714
chr13:30897814:G:A	9	-0.325136462564235
chr1:172977620:C:T	9	-0.300508862490034
chr1:172974215:G:A	9	0.250112558711728
chr4:184655999:G:A	9	-0.248914825685217
chr13:30665921:T:C	9	-0.230688610659998
chr11:3478170:C:T	9	0.224298677092858
chr11:2678651:CA:C	9	-0.217784209681157
chr8:143585097:A:C	9	0.196216714889132
chr11:94129519:A:G	9	0.165804290549174
chr11:2707954:C:T	9	-0.159225549611191
chr14:102216889:C:T	9	-0.153101397368186
chr8:143483510:A:G	9	-0.109323860366859
chr11:104318667:T:A	9	0.106297280496977
chr7:24514615:G:A	9	-0.10072599877357
chr19:54886824:C:T	9	0.0960677829027584
chr8:143474666:G:A	9	-0.0861164251404781
chr17:5662583:G:A	9	-0.0724749266375499
chr8:143479013:G:A	9	0.0714563525974841
chr6:31572779:T:C	9	0.0697990689712251
chr2:102265892:A:G	9	-0.0683924658152913
chr11:94139890:T:C	9	-0.057103977070251
chr5:39891092:C:A	9	0.0447230626852083
chr1:158741218:G:A	8	0.209953941364609
chr4:184487925:TAAG:T	8	0.207834177124649
chr5:40061261:T:G	8	0.160724901203273
chr13:30443614:T:C	8	-0.118319349369187
chr17:39857107:G:A	8	-0.0997636800582871
chr8:129694097:T:A	8	-0.0867638261936328
chr19:53835179:T:C	8	-0.0850769193711528
chr14:24663654:C:A	8	-0.0778441531249101
chr17:39603723:CCTT:C	8	-0.0698734927094828
chr7:24898067:A:G	8	0.0634230970018498
chr7:24759608:T:C	8	-0.0558771028635816
chr19:48263072:T:G	8	-0.0546083452726934
chr5:71768446:C:G	8	-0.0513443195321943
chr6:31360334:T:A	8	0.0498762434763988
chr12:121170088:G:A	8	-0.0453257856123849
chr19:48188335:G:T	8	-0.0425330148692679
chr2:201259779:G:T	8	0.0358487383464465
chr6:108125725:G:T	7	0.138953139381739
chr7:24640824:T:C	7	-0.0955183989053182
chr17:40540555:C:T	7	-0.0910567412517813
chr11:112347570:C:G	7	-0.0801019016265566
chr1:173924849:C:T	7	0.0689954332147332
chr20:57623588:A:G	7	-0.0649266608122805
chr2:102185873:G:A	7	0.0638387910419608
chr14:102044091:A:G	7	-0.0476353224024697
chr11:94507601:C:T	7	-0.0456264067865819
chr11:93837873:G:A	7	0.0412486658560845
chr19:54909849:C:T	7	-0.0322636648970998
chr16:3317061:G:A	7	0.017602019006452
chr13:29618005:G:A	6	-0.222830585211583
chr1:159009146:A:G	6	0.15507603113087
chr14:102864938:G:A	6	0.109140805249954
chr13:31062284:A:G	6	-0.102002608221552
chr8:143561915:G:A	6	-0.099027385496788
chr17:39764683:T:TG	6	-0.0824178571349111
chr12:121141337:G:A	6	-0.0675847746219904
chr7:24551519:C:T	6	-0.0672824077594569
chr11:94150836:C:G	6	0.0499867023070052
chr14:24632954:C:T	6	-0.0375481025204423
chr16:3320356:C:G	6	0.0357999225852227
chr11:105282982:A:T	6	0.0339132293848796
chr11:93843387:G:T	6	-0.0324327702102734
chr16:3099548:C:T	5	0.128619786517786
chr5:40882472:A:G	5	0.125268455039008
chr2:201405067:A:C	5	-0.078840634526458
chr12:121141487:G:C	5	-0.0680707311093582
chr4:183961325:G:C	5	0.0658610096495856
chr19:53834255:A:G	5	0.0623560987994091
chr17:39473480:G:A	5	0.0500279781278347
chr1:247445326:A:G	5	-0.0382608668264328
chr17:40066636:A:C	5	0.0366983573098123
chr14:102771884:G:A	5	-0.0247671810132659
chr19:48229111:T:C	5	-0.0224899257946103
chr7:24839804:T:C	5	-0.0220977075623309
chr13:30472225:A:G	5	-0.0148837979069897
chr2:201636725:T:C	5	-0.0129737382669709
chr7:24706973:C:A	4	-0.083608136176661
chr2:201251084:T:C	4	0.068621477814443
chr7:24866689:C:G	4	-0.0290116997689663
chr17:39925141:C:G	4	-0.0262607205417129
chr2:31673862:T:C	4	-0.0238943736167093
chr7:24133181:G:A	4	-0.0158549450426883
chr2:101653233:G:A	4	0.0133535560653918
chr8:143179476:G:A	4	-0.0107685876180724
chr2:200779509:T:C	4	0.0061495840302748
chr17:39949081:C:T	4	-0.00554392567134969
chr13:30476900:C:A	3	-0.0596259238733516
chr2:201003582:G:A	3	0.0336593078823787
chr11:94096366:G:A	3	-0.0275985941033671
chr1:173434777:A:G	3	-0.0221399093183676
chr7:24961257:A:C	3	0.020363046072584
chr19:48241844:T:C	3	0.0189139855323679
chr1:198404112:G:A	3	-0.0187683077266717
chr16:3208304:T:C	3	0.0161962780787616
chr1:198308765:C:G	3	0.0159813390660955
chr16:3260883:A:G	3	0.0128505340683968
chr17:39926578:T:C	3	0.0106512240130358
chr17:39755268:A:G	3	0.009994411507079
chr8:143576541:G:A	3	-0.00752706268293311
chr7:24512374:G:A	3	-0.00603575663279352
chr19:48392700:A:G	3	-0.00287263743556932
chr11:105041212:A:G	2	-0.0317556937740663
chr17:40050862:C:G	2	0.0262773088860137
chr4:184695284:C:T	2	-0.017130589203166
chr8:143845183:G:A	2	0.0153272814085141
chr7:24385860:C:T	2	-0.0148883768286261
chr11:104963616:C:T	2	0.013062165645932
chr7:24698520:AT:A	2	0.0126567691631477
chr7:24702509:G:A	2	-0.0126009282817046
chr2:200923756:A:C	2	-0.0109484579232537
chr1:15581828:G:T	2	-0.0109291575056127
chr17:39962288:G:A	2	-0.0059198647411569
chr1:15523247:G:T	2	0.00282257790241864
chr2:201273372:T:C	2	-0.00254079844408232
chr1:173300961:C:CAT	2	-0.00245855953797621
chr5:39898453:G:A	1	-0.0199385048743682
chr8:143435879:C:T	1	-0.00821831077713119
chr8:143457986:G:A	1	0.00732819851057912
chr17:39732772:CT:C	1	0.0073172584053729
chr2:201481946:C:T	1	0.00699139853120479
chr11:105498392:C:T	1	0.00678714620868257
chr19:48360129:C:T	1	-0.00481825473461345
chr13:30405353:A:G	1	-0.0046060814948526
chr7:24836660:A:G	1	0.00436479887707087
chr6:108696034:G:C	1	0.00416669514005915
chr2:102032147:C:T	1	-0.00336201310099662
chr19:48387498:A:G	1	-0.00312104160531595
chr7:24610590:G:T	1	-0.00283078672410044
chr14:24614343:G:A	1	0.00265494422223609
chr7:24475898:G:A	1	0.00254271779612664
chr7:24818081:T:A	1	0.00238449287616273
chr17:40078446:A:G	1	-0.00227662198606769
chr11:105143312:C:T	1	0.00205875196954543
chr12:121106697:G:A	1	0.00200476499139836
chr8:143225509:T:C	1	0.00199583389617713
chr11:104810963:G:A	1	-0.00184824130200703
chr6:31550577:G:A	1	-0.00169813707770794
chr2:201518051:G:A	1	0.0015987881060563
chr2:201159120:T:C	1	-0.000593129707744851
chr16:3247181:C:T	1	-0.000124311341150353
chr17:39901588:G:C	1	-0.00012280404178255
chr1:173475057:T:C	0	0
chr1:173534420:C:T	0	0
chr1:173952522:G:C	0	0
chr1:174867864:C:T	0	0
chr2:101372091:T:C	0	0
chr2:200727004:A:G	0	0
chr2:200799676:T:G	0	0
chr2:200909459:T:C	0	0
chr4:184260735:A:G	0	0
chr4:184625132:G:C	0	0
chr4:184793135:G:T	0	0
chr5:40041509:C:CA	0	0
chr5:55195636:G:A	0	0
chr5:71422076:G:A	0	0
chr7:24388405:T:C	0	0
chr7:24471182:G:A	0	0
chr7:24476733:C:T	0	0
chr7:24549233:A:C	0	0
chr7:24686198:A:G	0	0
chr7:24808223:A:G	0	0
chr7:24820343:A:C	0	0
chr8:143460990:G:A	0	0
chr8:143608478:G:C	0	0
chr11:94150054:TG:T	0	0
chr11:94201105:G:A	0	0
chr11:104747394:C:T	0	0
chr11:104890096:CAAAT:C	0	0
chr11:104995734:A:T	0	0
chr11:105040970:C:T	0	0
chr12:121166343:C:G	0	0
chr12:121231808:A:G	0	0
chr13:30814577:A:G	0	0
chr13:31027726:G:A	0	0
chr14:25540667:C:A	0	0
chr16:3215428:G:C	0	0
chr17:39678114:G:A	0	0
chr17:39963001:G:T	0	0
chr17:39966828:A:G	0	0
chr19:48291034:C:T	0	0
chr19:48461048:C:T	0	0
chr19:48959451:G:A	0	0
chr19:48972195:G:A	0	0
chr19:53828496:A:G	0	0
